id;nom;region;departement;telephone;email;date_creation;date_modification
1;Forks bleeding-edge;Loop Outdoors synergy;Realigned New York Chicken;413.442.7504;Haley_Gaylord@gmail.com;2020-04-03;2020-04-04
2;Wisconsin Chief synthesizing;Directives;circuit Cambridgeshire;059.644.9441;Luciano.Kiehn@gmail.com;2020-04-04;2020-04-03
3;Personal Loan Account;3rd generation;Industrial TCP;(078) 008-8411 x31503;Declan.Okuneva@gmail.com;2020-04-04;2020-04-04
4;HTTP;Investor;Sausages withdrawal alarm;940-991-5199;Velva21@yahoo.com;2020-04-04;2020-04-03
5;New Hampshire back-end Awesome Granite Chair;Consultant Alaska;Refined Metal Tuna granular;745.083.6525 x047;Marlon_Lakin@gmail.com;2020-04-03;2020-04-04
6;Turkish Lira Accounts Computer;parse connecting mindshare;Facilitator Nevada;(758) 951-2132 x7852;Norma.Russel@gmail.com;2020-04-04;2020-04-03
7;South Dakota Ergonomic Granite Cheese Optimization;Lithuanian Litas Rupiah Lakes;Dynamic workforce;026.221.2227;Sabina93@gmail.com;2020-04-03;2020-04-04
8;Salad;optical program;Home Loan Account architecture;(913) 706-0039 x134;Sadye93@gmail.com;2020-04-04;2020-04-04
9;Wooden;wireless strategize Berkshire;Music high-level program;687.754.2849;Regan.Bauch@yahoo.com;2020-04-04;2020-04-04
10;hybrid Port;solid state Steel;Sleek Polarised Pa'anga;740-008-7408;Dagmar.Dickens@yahoo.com;2020-04-04;2020-04-04
