id;note;date_creation;date_modification
1;productivity Dynamic;2020-04-04;2020-04-04
2;Savings Account Czech Koruna framework;2020-04-04;2020-04-04
3;reboot;2020-04-04;2020-04-04
4;clicks-and-mortar Assistant drive;2020-04-04;2020-04-04
5;Savings Account maroon;2020-04-03;2020-04-03
6;Centers hacking;2020-04-04;2020-04-03
7;microchip;2020-04-03;2020-04-03
8;mesh Product;2020-04-04;2020-04-04
9;end-to-end Manor Intuitive;2020-04-04;2020-04-04
10;Steel Human Investment Account;2020-04-04;2020-04-04
