id;fonction;prenom;nom;provenance;cni;telephone;sexe;datenais;date_creation;date_modification
1;backing up Chicken Analyst;coherent Common;Legacy Namibia;Money Market Account Credit Card Account;Associate online relationships;034.042.9242 x3993;French Guiana;2020-04-04;2020-04-04;2020-04-04
2;Armenian Dram protocol;Supervisor;Seamless hard drive Forward;Alaska Mayotte;Practical Concrete Pizza Configuration transmit;(419) 181-2585;deliverables grey;2020-04-04;2020-04-04;2020-04-04
3;e-enable Handcrafted;Ergonomic Concrete Tuna Russian Federation Refined;Data Cambridgeshire;Borders;deposit Fantastic Wooden Chicken;094-305-2253 x9251;extensible THX;2020-04-04;2020-04-04;2020-04-04
4;HDD Soap SDD;executive bluetooth;Director bluetooth monetize;bluetooth synthesize;payment;399.409.9032;Solomon Islands magenta;2020-04-04;2020-04-03;2020-04-04
5;Soft Computer Awesome;wireless 1080p;one-to-one Berkshire streamline;Falkland Islands (Malvinas) indexing hacking;plug-and-play Cambridgeshire Zimbabwe Dollar;1-673-470-6249 x7425;mint green;2020-04-03;2020-04-04;2020-04-04
6;Markets;evolve Tuna;Pizza full-range;invoice migration generating;Borders Practical Fresh Shoes input;697.309.5803;Kansas product;2020-04-04;2020-04-04;2020-04-04
7;sensor Buckinghamshire Security;Practical deploy;Buckinghamshire conglomeration;Forward Missouri;systematic;343-716-0343 x58652;connecting;2020-04-04;2020-04-04;2020-04-04
8;Personal Loan Account;Mauritius Rupee Awesome;attitude Cotton;Incredible knowledge user;copying connect Object-based;1-533-973-4627 x0412;static Home Loan Account;2020-04-04;2020-04-03;2020-04-04
9;connecting auxiliary;Infrastructure;Indian Rupee Ngultrum killer Buckinghamshire;Reunion synthesizing reboot;Louisiana Refined neural;1-795-366-6316 x873;Ergonomic generate;2020-04-04;2020-04-04;2020-04-03
10;Switchable rich hierarchy;Jewelery;Tennessee web-readiness;Auto Loan Account payment Incredible;focus group Directives;275-831-4858;Cambridgeshire;2020-04-04;2020-04-03;2020-04-04
