id;numanonym;date_creation;date_modification
1;Auto Loan Account Planner;2020-04-03;2020-04-04
2;Credit Card Account Tasty;2020-04-04;2020-04-04
3;real-time Table Mandatory;2020-04-03;2020-04-04
4;red;2020-04-04;2020-04-04
5;Intelligent Concrete Towels Refined Hat;2020-04-04;2020-04-03
6;Organized Auto Loan Account system-worthy;2020-04-04;2020-04-03
7;Intelligent Plastic Bacon;2020-04-04;2020-04-04
8;wireless interactive;2020-04-04;2020-04-03
9;Investor;2020-04-04;2020-04-04
10;Locks;2020-04-04;2020-04-03
